image,class,subset
image/0.jpeg,unknown,T
image/1.jpeg,head_lamp,T
image/2.jpeg,door_scratch,T
image/3.jpeg,head_lamp,T
image/4.jpeg,unknown,T
image/5.jpeg,unknown,T
image/6.jpeg,glass_shatter,T
image/7.jpeg,unknown,T
image/8.jpeg,tail_lamp,T
image/9.jpeg,bumper_dent,T
image/10.jpeg,door_scratch,T
image/11.jpeg,bumper_dent,T
image/12.jpeg,door_dent,T
image/13.jpeg,door_dent,T
image/14.jpeg,glass_shatter,T
image/15.jpeg,unknown,T
image/16.jpeg,head_lamp,T
image/17.jpeg,bumper_dent,T
image/18.jpeg,glass_shatter,T
image/19.jpeg,unknown,T
image/20.jpeg,door_dent,T
image/21.jpeg,head_lamp,T
image/22.jpeg,door_dent,T
image/23.jpeg,tail_lamp,T
image/24.jpeg,door_dent,T
image/25.jpeg,unknown,T
image/26.jpeg,glass_shatter,T
image/27.jpeg,bumper_scratch,T
image/28.jpeg,unknown,T
image/29.jpeg,door_scratch,T
image/30.jpeg,tail_lamp,T
image/31.jpeg,unknown,T
image/32.jpeg,door_scratch,T
image/33.jpeg,unknown,T
image/34.jpeg,tail_lamp,T
image/35.jpeg,unknown,T
image/36.jpeg,head_lamp,T
image/37.jpeg,unknown,T
image/38.jpeg,unknown,T
image/39.jpeg,door_dent,T
image/40.jpeg,unknown,T
image/41.jpeg,bumper_dent,T
image/42.jpeg,door_scratch,T
image/43.jpeg,unknown,T
image/44.jpeg,door_scratch,T
image/45.jpeg,door_dent,T
image/46.jpeg,bumper_dent,T
image/47.jpeg,glass_shatter,T
image/48.jpeg,unknown,T
image/49.jpeg,bumper_dent,T
image/50.jpeg,door_dent,T
image/51.jpeg,door_scratch,T
image/52.jpeg,tail_lamp,T
image/53.jpeg,unknown,T
image/54.jpeg,unknown,T
image/55.jpeg,door_dent,T
image/56.jpeg,bumper_scratch,T
image/57.jpeg,unknown,T
image/58.jpeg,door_dent,T
image/59.jpeg,unknown,T
image/60.jpeg,door_dent,T
image/61.jpeg,unknown,T
image/62.jpeg,unknown,T
image/63.jpeg,door_scratch,T
image/64.jpeg,tail_lamp,T
image/65.jpeg,tail_lamp,T
image/66.jpeg,glass_shatter,T
image/67.jpeg,glass_shatter,T
image/68.jpeg,glass_shatter,T
image/69.jpeg,unknown,T
image/70.jpeg,door_dent,T
image/71.jpeg,unknown,T
image/72.jpeg,head_lamp,T
image/73.jpeg,unknown,T
image/74.jpeg,unknown,T
image/75.jpeg,unknown,T
image/76.jpeg,unknown,T
image/77.jpeg,glass_shatter,T
image/78.jpeg,door_dent,T
image/79.jpeg,unknown,T
image/80.jpeg,unknown,T
image/81.jpeg,unknown,T
image/82.jpeg,unknown,T
image/83.jpeg,bumper_dent,T
image/84.jpeg,unknown,T
image/85.jpeg,glass_shatter,T
image/86.jpeg,bumper_dent,T
image/87.jpeg,bumper_dent,T
image/88.jpeg,door_dent,T
image/89.jpeg,door_scratch,T
image/90.jpeg,bumper_scratch,T
image/91.jpeg,unknown,T
image/92.jpeg,bumper_dent,T
image/93.jpeg,door_dent,T
image/94.jpeg,unknown,T
image/95.jpeg,tail_lamp,T
image/96.jpeg,unknown,T
image/97.jpeg,head_lamp,T
image/98.jpeg,door_scratch,T
image/99.jpeg,unknown,T
image/100.jpeg,door_dent,T
image/101.jpeg,unknown,T
image/102.jpeg,bumper_scratch,T
image/103.jpeg,bumper_dent,T
image/104.jpeg,unknown,T
image/105.jpeg,door_scratch,T
image/106.jpeg,door_scratch,T
image/107.jpeg,unknown,T
image/108.jpeg,glass_shatter,T
image/109.jpeg,glass_shatter,T
image/110.jpeg,bumper_dent,T
image/111.jpeg,bumper_dent,T
image/112.jpeg,door_scratch,T
image/113.jpeg,unknown,T
image/114.jpeg,unknown,T
image/115.jpeg,door_scratch,T
image/116.jpeg,unknown,T
image/117.jpeg,head_lamp,T
image/118.jpeg,unknown,T
image/119.jpeg,unknown,T
image/120.jpeg,unknown,T
image/121.jpeg,tail_lamp,T
image/122.jpeg,door_dent,T
image/123.jpeg,unknown,T
image/124.jpeg,door_scratch,T
image/125.jpeg,door_scratch,T
image/126.jpeg,unknown,T
image/127.jpeg,unknown,T
image/128.jpeg,unknown,T
image/129.jpeg,tail_lamp,T
image/130.jpeg,unknown,T
image/131.jpeg,unknown,T
image/132.jpeg,unknown,T
image/133.jpeg,bumper_dent,T
image/134.jpeg,unknown,T
image/135.jpeg,door_scratch,T
image/136.jpeg,door_dent,T
image/137.jpeg,bumper_scratch,T
image/138.jpeg,unknown,T
image/139.jpeg,door_scratch,T
image/140.jpeg,bumper_scratch,T
image/141.jpeg,glass_shatter,T
image/142.jpeg,unknown,T
image/143.jpeg,head_lamp,T
image/144.jpeg,head_lamp,T
image/145.jpeg,door_dent,T
image/146.jpeg,door_scratch,T
image/147.jpeg,door_scratch,T
image/148.jpeg,tail_lamp,T
image/149.jpeg,unknown,T
image/150.jpeg,head_lamp,T
image/151.jpeg,door_dent,T
image/152.jpeg,glass_shatter,T
image/153.jpeg,bumper_dent,T
image/154.jpeg,unknown,T
image/155.jpeg,unknown,T
image/156.jpeg,glass_shatter,T
image/157.jpeg,unknown,T
image/158.jpeg,door_dent,T
image/159.jpeg,bumper_dent,T
image/160.jpeg,unknown,T
image/161.jpeg,tail_lamp,T
image/162.jpeg,unknown,T
image/163.jpeg,head_lamp,T
image/164.jpeg,bumper_dent,T
image/165.jpeg,glass_shatter,T
image/166.jpeg,door_dent,T
image/167.jpeg,unknown,T
image/168.jpeg,unknown,T
image/169.jpeg,door_scratch,T
image/170.jpeg,unknown,T
image/171.jpeg,tail_lamp,T
image/172.jpeg,bumper_scratch,T
image/173.jpeg,door_scratch,T
image/174.jpeg,door_scratch,T
image/175.jpeg,bumper_scratch,T
image/176.jpeg,unknown,T
image/177.jpeg,unknown,T
image/178.jpeg,glass_shatter,T
image/179.jpeg,tail_lamp,T
image/180.jpeg,unknown,T
image/181.jpeg,door_scratch,T
image/182.jpeg,unknown,T
image/183.jpeg,bumper_dent,T
image/184.jpeg,tail_lamp,T
image/185.jpeg,glass_shatter,T
image/186.jpeg,head_lamp,T
image/187.jpeg,glass_shatter,T
image/188.jpeg,door_scratch,T
image/189.jpeg,tail_lamp,T
image/190.jpeg,unknown,T
image/191.jpeg,unknown,T
image/192.jpeg,door_dent,T
image/193.jpeg,door_dent,T
image/194.jpeg,door_dent,T
image/195.jpeg,glass_shatter,T
image/196.jpeg,glass_shatter,T
image/197.jpeg,door_scratch,T
image/198.jpeg,unknown,T
image/199.jpeg,unknown,T
image/200.jpeg,door_dent,T
image/201.jpeg,door_dent,T
image/202.jpeg,tail_lamp,T
image/203.jpeg,door_dent,T
image/204.jpeg,door_dent,T
image/205.jpeg,unknown,T
image/206.jpeg,head_lamp,T
image/207.jpeg,bumper_scratch,T
image/208.jpeg,tail_lamp,T
image/209.jpeg,bumper_dent,T
image/210.jpeg,glass_shatter,T
image/211.jpeg,unknown,T
image/212.jpeg,head_lamp,T
image/213.jpeg,door_dent,T
image/214.jpeg,bumper_dent,T
image/215.jpeg,unknown,T
image/216.jpeg,unknown,T
image/217.jpeg,door_dent,T
image/218.jpeg,door_scratch,T
image/219.jpeg,door_scratch,T
image/220.jpeg,glass_shatter,T
image/221.jpeg,head_lamp,T
image/222.jpeg,bumper_dent,T
image/223.jpeg,bumper_scratch,T
image/224.jpeg,unknown,T
image/225.jpeg,unknown,T
image/226.jpeg,glass_shatter,T
image/227.jpeg,unknown,T
image/228.jpeg,unknown,T
image/229.jpeg,unknown,T
image/230.jpeg,unknown,T
image/231.jpeg,unknown,T
image/232.jpeg,bumper_scratch,T
image/233.jpeg,door_dent,T
image/234.jpeg,bumper_dent,T
image/235.jpeg,door_scratch,T
image/236.jpeg,tail_lamp,T
image/237.jpeg,glass_shatter,T
image/238.jpeg,unknown,T
image/239.jpeg,door_dent,T
image/240.jpeg,unknown,T
image/241.jpeg,unknown,T
image/242.jpeg,unknown,T
image/243.jpeg,unknown,T
image/244.jpeg,bumper_scratch,T
image/245.jpeg,glass_shatter,T
image/246.jpeg,unknown,T
image/247.jpeg,tail_lamp,T
image/248.jpeg,bumper_dent,T
image/249.jpeg,tail_lamp,T
image/250.jpeg,unknown,T
image/251.jpeg,unknown,T
image/252.jpeg,unknown,T
image/253.jpeg,glass_shatter,T
image/254.jpeg,unknown,T
image/255.jpeg,unknown,T
image/256.jpeg,glass_shatter,T
image/257.jpeg,unknown,T
image/258.jpeg,unknown,T
image/259.jpeg,door_dent,T
image/260.jpeg,bumper_scratch,T
image/261.jpeg,door_dent,T
image/262.jpeg,unknown,T
image/263.jpeg,bumper_scratch,T
image/264.jpeg,unknown,T
image/265.jpeg,unknown,T
image/266.jpeg,head_lamp,T
image/267.jpeg,bumper_scratch,T
image/268.jpeg,unknown,T
image/269.jpeg,unknown,T
image/270.jpeg,unknown,T
image/271.jpeg,unknown,T
image/272.jpeg,unknown,T
image/273.jpeg,unknown,T
image/274.jpeg,tail_lamp,T
image/275.jpeg,head_lamp,T
image/276.jpeg,door_scratch,T
image/277.jpeg,door_dent,T
image/278.jpeg,unknown,T
image/279.jpeg,head_lamp,T
image/280.jpeg,door_dent,T
image/281.jpeg,door_dent,T
image/282.jpeg,head_lamp,T
image/283.jpeg,head_lamp,T
image/284.jpeg,glass_shatter,T
image/285.jpeg,tail_lamp,T
image/286.jpeg,glass_shatter,T
image/287.jpeg,unknown,T
image/288.jpeg,bumper_dent,T
image/289.jpeg,door_scratch,T
image/290.jpeg,glass_shatter,T
image/291.jpeg,unknown,T
image/292.jpeg,bumper_scratch,T
image/293.jpeg,unknown,T
image/294.jpeg,unknown,T
image/295.jpeg,bumper_scratch,T
image/296.jpeg,bumper_scratch,T
image/297.jpeg,unknown,T
image/298.jpeg,unknown,T
image/299.jpeg,tail_lamp,T
image/300.jpeg,unknown,T
image/301.jpeg,door_dent,T
image/302.jpeg,door_dent,T
image/303.jpeg,door_dent,T
image/304.jpeg,door_scratch,T
image/305.jpeg,glass_shatter,T
image/306.jpeg,bumper_scratch,T
image/307.jpeg,bumper_dent,T
image/308.jpeg,bumper_dent,T
image/309.jpeg,unknown,T
image/310.jpeg,tail_lamp,T
image/311.jpeg,door_scratch,T
image/312.jpeg,unknown,T
image/313.jpeg,unknown,T
image/314.jpeg,head_lamp,T
image/315.jpeg,unknown,T
image/316.jpeg,door_dent,T
image/317.jpeg,door_scratch,T
image/318.jpeg,head_lamp,T
image/319.jpeg,tail_lamp,T
image/320.jpeg,door_dent,T
image/321.jpeg,head_lamp,T
image/322.jpeg,unknown,T
image/323.jpeg,door_dent,T
image/324.jpeg,bumper_dent,T
image/325.jpeg,tail_lamp,T
image/326.jpeg,unknown,T
image/327.jpeg,bumper_scratch,T
image/328.jpeg,unknown,T
image/329.jpeg,door_scratch,T
image/330.jpeg,unknown,T
image/331.jpeg,unknown,T
image/332.jpeg,door_dent,T
image/333.jpeg,unknown,T
image/334.jpeg,door_dent,T
image/335.jpeg,head_lamp,T
image/336.jpeg,unknown,T
image/337.jpeg,unknown,T
image/338.jpeg,door_scratch,T
image/339.jpeg,unknown,T
image/340.jpeg,bumper_scratch,T
image/341.jpeg,door_scratch,T
image/342.jpeg,unknown,T
image/343.jpeg,unknown,T
image/344.jpeg,unknown,T
image/345.jpeg,unknown,T
image/346.jpeg,bumper_dent,T
image/347.jpeg,door_scratch,T
image/348.jpeg,unknown,T
image/349.jpeg,unknown,T
image/350.jpeg,glass_shatter,T
image/351.jpeg,head_lamp,T
image/352.jpeg,unknown,T
image/353.jpeg,head_lamp,T
image/354.jpeg,door_dent,T
image/355.jpeg,unknown,T
image/356.jpeg,unknown,T
image/357.jpeg,unknown,T
image/358.jpeg,door_dent,T
image/359.jpeg,bumper_dent,T
image/360.jpeg,door_dent,T
image/361.jpeg,bumper_dent,T
image/362.jpeg,unknown,T
image/363.jpeg,glass_shatter,T
image/364.jpeg,head_lamp,T
image/365.jpeg,unknown,T
image/366.jpeg,unknown,T
image/367.jpeg,bumper_dent,T
image/368.jpeg,bumper_dent,T
image/369.jpeg,bumper_dent,T
image/370.jpeg,unknown,T
image/371.jpeg,unknown,T
image/372.jpeg,head_lamp,T
image/373.jpeg,glass_shatter,T
image/374.jpeg,head_lamp,T
image/375.jpeg,door_scratch,T
image/376.jpeg,head_lamp,T
image/377.jpeg,glass_shatter,T
image/378.jpeg,glass_shatter,T
image/379.jpeg,head_lamp,T
image/380.jpeg,unknown,T
image/381.jpeg,unknown,T
image/382.jpeg,unknown,T
image/383.jpeg,unknown,T
image/384.jpeg,unknown,T
image/385.jpeg,glass_shatter,T
image/386.jpeg,head_lamp,T
image/387.jpeg,tail_lamp,T
image/388.jpeg,head_lamp,T
image/389.jpeg,bumper_dent,T
image/390.jpeg,door_scratch,T
image/391.jpeg,unknown,T
image/392.jpeg,bumper_dent,T
image/393.jpeg,bumper_scratch,T
image/394.jpeg,unknown,T
image/395.jpeg,unknown,T
image/396.jpeg,door_dent,T
image/397.jpeg,bumper_dent,T
image/398.jpeg,unknown,T
image/399.jpeg,unknown,T
image/400.jpeg,unknown,T
image/401.jpeg,head_lamp,T
image/402.jpeg,unknown,T
image/403.jpeg,unknown,T
image/404.jpeg,unknown,T
image/405.jpeg,unknown,T
image/406.jpeg,glass_shatter,T
image/407.jpeg,door_dent,T
image/408.jpeg,tail_lamp,T
image/409.jpeg,door_scratch,T
image/410.jpeg,bumper_scratch,T
image/411.jpeg,glass_shatter,T
image/412.jpeg,unknown,T
image/413.jpeg,bumper_dent,T
image/414.jpeg,bumper_scratch,T
image/415.jpeg,door_dent,T
image/416.jpeg,unknown,T
image/417.jpeg,door_dent,T
image/418.jpeg,door_dent,T
image/419.jpeg,bumper_dent,T
image/420.jpeg,door_dent,T
image/421.jpeg,door_dent,T
image/422.jpeg,tail_lamp,T
image/423.jpeg,unknown,T
image/424.jpeg,tail_lamp,T
image/425.jpeg,glass_shatter,T
image/426.jpeg,door_scratch,T
image/427.jpeg,glass_shatter,T
image/428.jpeg,unknown,T
image/429.jpeg,door_scratch,T
image/430.jpeg,unknown,T
image/431.jpeg,glass_shatter,T
image/432.jpeg,unknown,T
image/433.jpeg,unknown,T
image/434.jpeg,head_lamp,T
image/435.jpeg,glass_shatter,T
image/436.jpeg,bumper_scratch,T
image/437.jpeg,door_scratch,T
image/438.jpeg,tail_lamp,T
image/439.jpeg,bumper_scratch,T
image/440.jpeg,unknown,T
image/441.jpeg,door_scratch,T
image/442.jpeg,unknown,T
image/443.jpeg,unknown,T
image/444.jpeg,bumper_dent,T
image/445.jpeg,head_lamp,T
image/446.jpeg,door_dent,T
image/447.jpeg,unknown,T
image/448.jpeg,door_dent,T
image/449.jpeg,bumper_dent,T
image/450.jpeg,door_dent,T
image/451.jpeg,unknown,T
image/452.jpeg,unknown,T
image/453.jpeg,tail_lamp,T
image/454.jpeg,glass_shatter,T
image/455.jpeg,head_lamp,T
image/456.jpeg,door_dent,T
image/457.jpeg,head_lamp,T
image/458.jpeg,door_dent,T
image/459.jpeg,head_lamp,T
image/460.jpeg,head_lamp,T
image/461.jpeg,door_dent,T
image/462.jpeg,door_dent,T
image/463.jpeg,door_scratch,T
image/464.jpeg,tail_lamp,T
image/465.jpeg,unknown,T
image/466.jpeg,glass_shatter,T
image/467.jpeg,door_dent,T
image/468.jpeg,door_dent,T
image/469.jpeg,tail_lamp,T
image/470.jpeg,tail_lamp,T
image/471.jpeg,unknown,T
image/472.jpeg,unknown,T
image/473.jpeg,tail_lamp,T
image/474.jpeg,unknown,T
image/475.jpeg,door_dent,T
image/476.jpeg,bumper_scratch,T
image/477.jpeg,head_lamp,T
image/478.jpeg,unknown,T
image/479.jpeg,unknown,T
image/480.jpeg,door_dent,T
image/481.jpeg,tail_lamp,T
image/482.jpeg,glass_shatter,T
image/483.jpeg,unknown,T
image/484.jpeg,glass_shatter,T
image/485.jpeg,glass_shatter,T
image/486.jpeg,door_scratch,T
image/487.jpeg,head_lamp,T
image/488.jpeg,head_lamp,T
image/489.jpeg,glass_shatter,T
image/490.jpeg,door_dent,T
image/491.jpeg,unknown,T
image/492.jpeg,door_dent,T
image/493.jpeg,head_lamp,T
image/494.jpeg,door_dent,T
image/495.jpeg,unknown,T
image/496.jpeg,glass_shatter,T
image/497.jpeg,bumper_dent,T
image/498.jpeg,head_lamp,T
image/499.jpeg,bumper_scratch,T
image/500.jpeg,unknown,T
image/501.jpeg,door_scratch,T
image/502.jpeg,unknown,T
image/503.jpeg,unknown,T
image/504.jpeg,bumper_dent,T
image/505.jpeg,unknown,T
image/506.jpeg,head_lamp,T
image/507.jpeg,glass_shatter,T
image/508.jpeg,bumper_scratch,T
image/509.jpeg,door_scratch,T
image/510.jpeg,door_scratch,T
image/511.jpeg,unknown,T
image/512.jpeg,tail_lamp,T
image/513.jpeg,bumper_dent,T
image/514.jpeg,glass_shatter,T
image/515.jpeg,unknown,T
image/516.jpeg,tail_lamp,T
image/517.jpeg,tail_lamp,T
image/518.jpeg,tail_lamp,T
image/519.jpeg,glass_shatter,T
image/520.jpeg,glass_shatter,T
image/521.jpeg,door_scratch,T
image/522.jpeg,unknown,T
image/523.jpeg,unknown,T
image/524.jpeg,glass_shatter,T
image/525.jpeg,door_scratch,T
image/526.jpeg,door_dent,T
image/527.jpeg,head_lamp,T
image/528.jpeg,unknown,T
image/529.jpeg,door_scratch,T
image/530.jpeg,unknown,T
image/531.jpeg,bumper_dent,T
image/532.jpeg,unknown,T
image/533.jpeg,bumper_dent,T
image/534.jpeg,door_dent,T
image/535.jpeg,bumper_scratch,T
image/536.jpeg,head_lamp,T
image/537.jpeg,tail_lamp,T
image/538.jpeg,unknown,T
image/539.jpeg,unknown,T
image/540.jpeg,bumper_dent,T
image/541.jpeg,unknown,T
image/542.jpeg,unknown,T
image/543.jpeg,unknown,T
image/544.jpeg,unknown,T
image/545.jpeg,unknown,T
image/546.jpeg,unknown,T
image/547.jpeg,head_lamp,T
image/548.jpeg,tail_lamp,T
image/549.jpeg,unknown,T
image/550.jpeg,door_dent,T
image/551.jpeg,door_dent,T
image/552.jpeg,head_lamp,T
image/553.jpeg,unknown,T
image/554.jpeg,door_scratch,T
image/555.jpeg,glass_shatter,T
image/556.jpeg,unknown,T
image/557.jpeg,unknown,T
image/558.jpeg,door_dent,T
image/559.jpeg,door_scratch,T
image/560.jpeg,glass_shatter,T
image/561.jpeg,bumper_dent,T
image/562.jpeg,glass_shatter,T
image/563.jpeg,unknown,T
image/564.jpeg,tail_lamp,T
image/565.jpeg,unknown,T
image/566.jpeg,door_scratch,T
image/567.jpeg,unknown,T
image/568.jpeg,unknown,T
image/569.jpeg,glass_shatter,T
image/570.jpeg,head_lamp,T
image/571.jpeg,unknown,T
image/572.jpeg,door_scratch,T
image/573.jpeg,bumper_scratch,T
image/574.jpeg,door_dent,T
image/575.jpeg,bumper_scratch,T
image/576.jpeg,bumper_dent,T
image/577.jpeg,glass_shatter,T
image/578.jpeg,bumper_dent,T
image/579.jpeg,head_lamp,T
image/580.jpeg,head_lamp,T
image/581.jpeg,bumper_dent,T
image/582.jpeg,unknown,T
image/583.jpeg,unknown,T
image/584.jpeg,unknown,T
image/585.jpeg,unknown,T
image/586.jpeg,bumper_dent,T
image/587.jpeg,tail_lamp,T
image/588.jpeg,door_dent,T
image/589.jpeg,bumper_scratch,T
image/590.jpeg,head_lamp,T
image/591.jpeg,head_lamp,T
image/592.jpeg,door_scratch,T
image/593.jpeg,door_scratch,T
image/594.jpeg,door_dent,T
image/595.jpeg,door_scratch,T
image/596.jpeg,glass_shatter,T
image/597.jpeg,unknown,T
image/598.jpeg,bumper_dent,T
image/599.jpeg,unknown,T
image/600.jpeg,unknown,T
image/601.jpeg,door_dent,T
image/602.jpeg,unknown,T
image/603.jpeg,head_lamp,T
image/604.jpeg,unknown,T
image/605.jpeg,unknown,T
image/606.jpeg,unknown,T
image/607.jpeg,bumper_scratch,T
image/608.jpeg,door_scratch,T
image/609.jpeg,door_dent,T
image/610.jpeg,unknown,T
image/611.jpeg,door_scratch,T
image/612.jpeg,tail_lamp,T
image/613.jpeg,unknown,T
image/614.jpeg,tail_lamp,T
image/615.jpeg,unknown,T
image/616.jpeg,unknown,T
image/617.jpeg,unknown,T
image/618.jpeg,bumper_scratch,T
image/619.jpeg,unknown,T
image/620.jpeg,unknown,T
image/621.jpeg,glass_shatter,T
image/622.jpeg,tail_lamp,T
image/623.jpeg,head_lamp,T
image/624.jpeg,door_scratch,T
image/625.jpeg,unknown,T
image/626.jpeg,glass_shatter,T
image/627.jpeg,bumper_scratch,T
image/628.jpeg,unknown,T
image/629.jpeg,bumper_dent,T
image/630.jpeg,door_scratch,T
image/631.jpeg,bumper_scratch,T
image/632.jpeg,unknown,T
image/633.jpeg,unknown,T
image/634.jpeg,head_lamp,T
image/635.jpeg,door_scratch,T
image/636.jpeg,unknown,T
image/637.jpeg,unknown,T
image/638.jpeg,unknown,T
image/639.jpeg,glass_shatter,T
image/640.jpeg,door_scratch,T
image/641.jpeg,door_scratch,T
image/642.jpeg,bumper_dent,T
image/643.jpeg,door_dent,T
image/644.jpeg,tail_lamp,T
image/645.jpeg,tail_lamp,T
image/646.jpeg,unknown,T
image/647.jpeg,tail_lamp,T
image/648.jpeg,bumper_scratch,T
image/649.jpeg,door_dent,T
image/650.jpeg,head_lamp,T
image/651.jpeg,tail_lamp,T
image/652.jpeg,glass_shatter,T
image/653.jpeg,unknown,T
image/654.jpeg,bumper_dent,T
image/655.jpeg,unknown,T
image/656.jpeg,head_lamp,T
image/657.jpeg,door_dent,T
image/658.jpeg,unknown,T
image/659.jpeg,door_dent,T
image/660.jpeg,unknown,T
image/661.jpeg,unknown,T
image/662.jpeg,door_scratch,T
image/663.jpeg,glass_shatter,T
image/664.jpeg,unknown,T
image/665.jpeg,unknown,T
image/666.jpeg,bumper_dent,T
image/667.jpeg,bumper_dent,T
image/668.jpeg,head_lamp,T
image/669.jpeg,head_lamp,T
image/670.jpeg,unknown,T
image/671.jpeg,unknown,T
image/672.jpeg,head_lamp,T
image/673.jpeg,door_scratch,T
image/674.jpeg,unknown,T
image/675.jpeg,door_dent,T
image/676.jpeg,unknown,T
image/677.jpeg,unknown,T
image/678.jpeg,glass_shatter,T
image/679.jpeg,unknown,T
image/680.jpeg,bumper_dent,T
image/681.jpeg,head_lamp,T
image/682.jpeg,head_lamp,T
image/683.jpeg,glass_shatter,T
image/684.jpeg,unknown,T
image/685.jpeg,unknown,T
image/686.jpeg,head_lamp,T
image/687.jpeg,door_scratch,T
image/688.jpeg,glass_shatter,T
image/689.jpeg,unknown,T
image/690.jpeg,unknown,T
image/691.jpeg,tail_lamp,T
image/692.jpeg,tail_lamp,T
image/693.jpeg,bumper_dent,T
image/694.jpeg,tail_lamp,T
image/695.jpeg,tail_lamp,T
image/696.jpeg,head_lamp,T
image/697.jpeg,head_lamp,T
image/698.jpeg,door_dent,T
image/699.jpeg,head_lamp,T
image/700.jpeg,unknown,T
image/701.jpeg,bumper_dent,T
image/702.jpeg,door_dent,T
image/703.jpeg,bumper_dent,T
image/704.jpeg,head_lamp,T
image/705.jpeg,unknown,T
image/706.jpeg,unknown,T
image/707.jpeg,tail_lamp,T
image/708.jpeg,door_scratch,T
image/709.jpeg,unknown,T
image/710.jpeg,unknown,T
image/711.jpeg,head_lamp,T
image/712.jpeg,glass_shatter,T
image/713.jpeg,unknown,T
image/714.jpeg,bumper_scratch,T
image/715.jpeg,unknown,T
image/716.jpeg,tail_lamp,T
image/717.jpeg,unknown,T
image/718.jpeg,tail_lamp,T
image/719.jpeg,door_dent,T
image/720.jpeg,door_dent,T
image/721.jpeg,door_dent,T
image/722.jpeg,unknown,T
image/723.jpeg,tail_lamp,T
image/724.jpeg,glass_shatter,T
image/725.jpeg,door_scratch,T
image/726.jpeg,unknown,T
image/727.jpeg,tail_lamp,T
image/728.jpeg,bumper_scratch,T
image/729.jpeg,door_scratch,T
image/730.jpeg,bumper_dent,T
image/731.jpeg,unknown,T
image/732.jpeg,unknown,T
image/733.jpeg,door_dent,T
image/734.jpeg,head_lamp,T
image/735.jpeg,door_scratch,T
image/736.jpeg,bumper_scratch,T
image/737.jpeg,door_dent,T
image/738.jpeg,unknown,T
image/739.jpeg,door_dent,T
image/740.jpeg,door_scratch,T
image/741.jpeg,unknown,T
image/742.jpeg,door_dent,T
image/743.jpeg,unknown,T
image/744.jpeg,unknown,T
image/745.jpeg,door_dent,T
image/746.jpeg,unknown,T
image/747.jpeg,door_dent,T
image/748.jpeg,bumper_scratch,T
image/749.jpeg,unknown,T
image/750.jpeg,unknown,T
image/751.jpeg,unknown,T
image/752.jpeg,unknown,T
image/753.jpeg,unknown,T
image/754.jpeg,glass_shatter,T
image/755.jpeg,unknown,T
image/756.jpeg,unknown,T
image/757.jpeg,unknown,T
image/758.jpeg,bumper_scratch,T
image/759.jpeg,unknown,T
image/760.jpeg,tail_lamp,T
image/761.jpeg,glass_shatter,T
image/762.jpeg,door_dent,T
image/763.jpeg,unknown,T
image/764.jpeg,bumper_scratch,T
image/765.jpeg,bumper_dent,T
image/766.jpeg,door_dent,T
image/767.jpeg,bumper_dent,T
image/768.jpeg,unknown,T
image/769.jpeg,glass_shatter,T
image/770.jpeg,head_lamp,T
image/771.jpeg,unknown,T
image/772.jpeg,unknown,T
image/773.jpeg,head_lamp,T
image/774.jpeg,tail_lamp,T
image/775.jpeg,door_scratch,T
image/776.jpeg,bumper_scratch,T
image/777.jpeg,head_lamp,T
image/778.jpeg,head_lamp,T
image/779.jpeg,glass_shatter,T
image/780.jpeg,unknown,T
image/781.jpeg,bumper_scratch,T
image/782.jpeg,door_dent,T
image/783.jpeg,unknown,T
image/784.jpeg,bumper_scratch,T
image/785.jpeg,bumper_scratch,T
image/786.jpeg,door_dent,T
image/787.jpeg,head_lamp,T
image/788.jpeg,door_dent,T
image/789.jpeg,glass_shatter,T
image/790.jpeg,tail_lamp,T
image/791.jpeg,unknown,T
image/792.jpeg,door_dent,T
image/793.jpeg,unknown,T
image/794.jpeg,door_dent,T
image/795.jpeg,door_scratch,T
image/796.jpeg,unknown,T
image/797.jpeg,head_lamp,T
image/798.jpeg,unknown,T
image/799.jpeg,door_dent,T
image/800.jpeg,head_lamp,T
image/801.jpeg,tail_lamp,T
image/802.jpeg,bumper_dent,T
image/803.jpeg,unknown,T
image/804.jpeg,door_dent,T
image/805.jpeg,unknown,T
image/806.jpeg,unknown,T
image/807.jpeg,tail_lamp,T
image/808.jpeg,unknown,T
image/809.jpeg,door_scratch,T
image/810.jpeg,glass_shatter,T
image/811.jpeg,door_dent,T
image/812.jpeg,door_dent,T
image/813.jpeg,bumper_scratch,T
image/814.jpeg,bumper_dent,T
image/815.jpeg,bumper_dent,T
image/816.jpeg,bumper_scratch,T
image/817.jpeg,tail_lamp,T
image/818.jpeg,bumper_scratch,T
image/819.jpeg,unknown,T
image/820.jpeg,door_dent,T
image/821.jpeg,glass_shatter,T
image/822.jpeg,unknown,T
image/823.jpeg,head_lamp,T
image/824.jpeg,unknown,T
image/825.jpeg,glass_shatter,T
image/826.jpeg,unknown,T
image/827.jpeg,unknown,T
image/828.jpeg,door_dent,T
image/829.jpeg,door_scratch,T
image/830.jpeg,unknown,T
image/831.jpeg,door_scratch,T
image/832.jpeg,glass_shatter,T
image/833.jpeg,door_dent,T
image/834.jpeg,head_lamp,T
image/835.jpeg,glass_shatter,T
image/836.jpeg,tail_lamp,T
image/837.jpeg,bumper_dent,T
image/838.jpeg,unknown,T
image/839.jpeg,unknown,T
image/840.jpeg,tail_lamp,T
image/841.jpeg,unknown,T
image/842.jpeg,glass_shatter,T
image/843.jpeg,glass_shatter,T
image/844.jpeg,door_dent,T
image/845.jpeg,unknown,T
image/846.jpeg,door_dent,T
image/847.jpeg,head_lamp,T
image/848.jpeg,door_dent,T
image/849.jpeg,door_dent,T
image/850.jpeg,door_scratch,T
image/851.jpeg,unknown,T
image/852.jpeg,unknown,T
image/853.jpeg,unknown,T
image/854.jpeg,door_scratch,T
image/855.jpeg,unknown,T
image/856.jpeg,head_lamp,T
image/857.jpeg,tail_lamp,T
image/858.jpeg,glass_shatter,T
image/859.jpeg,unknown,T
image/860.jpeg,door_dent,T
image/861.jpeg,door_scratch,T
image/862.jpeg,head_lamp,T
image/863.jpeg,head_lamp,T
image/864.jpeg,unknown,T
image/865.jpeg,head_lamp,T
image/866.jpeg,bumper_scratch,T
image/867.jpeg,glass_shatter,T
image/868.jpeg,door_scratch,T
image/869.jpeg,door_scratch,T
image/870.jpeg,tail_lamp,T
image/871.jpeg,unknown,T
image/872.jpeg,unknown,T
image/873.jpeg,door_scratch,T
image/874.jpeg,bumper_dent,T
image/875.jpeg,bumper_scratch,T
image/876.jpeg,tail_lamp,T
image/877.jpeg,unknown,T
image/878.jpeg,unknown,T
image/879.jpeg,door_scratch,T
image/880.jpeg,unknown,T
image/881.jpeg,door_dent,T
image/882.jpeg,bumper_dent,T
image/883.jpeg,door_scratch,T
image/884.jpeg,bumper_dent,T
image/885.jpeg,tail_lamp,T
image/886.jpeg,unknown,T
image/887.jpeg,head_lamp,T
image/888.jpeg,bumper_dent,T
image/889.jpeg,unknown,T
image/890.jpeg,door_dent,T
image/891.jpeg,door_scratch,T
image/892.jpeg,glass_shatter,T
image/893.jpeg,tail_lamp,T
image/894.jpeg,tail_lamp,T
image/895.jpeg,head_lamp,T
image/896.jpeg,unknown,T
image/897.jpeg,door_dent,T
image/898.jpeg,door_dent,T
image/899.jpeg,tail_lamp,T
image/900.jpeg,door_dent,T
image/901.jpeg,head_lamp,T
image/902.jpeg,tail_lamp,T
image/903.jpeg,tail_lamp,T
image/904.jpeg,unknown,T
image/905.jpeg,tail_lamp,T
image/906.jpeg,head_lamp,T
image/907.jpeg,bumper_scratch,T
image/908.jpeg,unknown,T
image/909.jpeg,door_dent,T
image/910.jpeg,unknown,T
image/911.jpeg,glass_shatter,T
image/912.jpeg,unknown,T
image/913.jpeg,unknown,T
image/914.jpeg,bumper_dent,T
image/915.jpeg,bumper_dent,T
image/916.jpeg,bumper_dent,T
image/917.jpeg,unknown,T
image/918.jpeg,unknown,T
image/919.jpeg,unknown,T
image/920.jpeg,bumper_scratch,T
image/921.jpeg,glass_shatter,T
image/922.jpeg,unknown,T
image/923.jpeg,door_scratch,T
image/924.jpeg,unknown,T
image/925.jpeg,door_dent,T
image/926.jpeg,door_scratch,T
image/927.jpeg,unknown,T
image/928.jpeg,unknown,T
image/929.jpeg,unknown,T
image/930.jpeg,unknown,T
image/931.jpeg,unknown,T
image/932.jpeg,door_scratch,T
image/933.jpeg,door_dent,T
image/934.jpeg,bumper_scratch,T
image/935.jpeg,unknown,T
image/936.jpeg,unknown,T
image/937.jpeg,unknown,T
image/938.jpeg,unknown,T
image/939.jpeg,unknown,T
image/940.jpeg,unknown,T
image/941.jpeg,door_dent,T
image/942.jpeg,unknown,T
image/943.jpeg,door_scratch,T
image/944.jpeg,unknown,T
image/945.jpeg,door_scratch,T
image/946.jpeg,door_dent,T
image/947.jpeg,door_scratch,T
image/948.jpeg,bumper_dent,T
image/949.jpeg,unknown,T
image/950.jpeg,bumper_dent,T
image/951.jpeg,unknown,T
image/952.jpeg,unknown,T
image/953.jpeg,door_dent,T
image/954.jpeg,unknown,T
image/955.jpeg,door_dent,T
image/956.jpeg,door_scratch,T
image/957.jpeg,unknown,T
image/958.jpeg,bumper_scratch,T
image/959.jpeg,bumper_scratch,T
image/960.jpeg,bumper_scratch,T
image/961.jpeg,tail_lamp,T
image/962.jpeg,bumper_dent,T
image/963.jpeg,unknown,T
image/964.jpeg,unknown,T
image/965.jpeg,door_dent,T
image/966.jpeg,bumper_dent,T
image/967.jpeg,unknown,T
image/968.jpeg,tail_lamp,T
image/969.jpeg,bumper_scratch,T
image/970.jpeg,unknown,T
image/971.jpeg,unknown,T
image/972.jpeg,unknown,T
image/973.jpeg,unknown,T
image/974.jpeg,tail_lamp,T
image/975.jpeg,unknown,T
image/976.jpeg,door_dent,T
image/977.jpeg,bumper_dent,T
image/978.jpeg,unknown,T
image/979.jpeg,door_dent,T
image/980.jpeg,unknown,T
image/981.jpeg,unknown,T
image/982.jpeg,tail_lamp,T
image/983.jpeg,tail_lamp,T
image/984.jpeg,head_lamp,T
image/985.jpeg,unknown,T
image/986.jpeg,bumper_dent,T
image/987.jpeg,door_dent,T
image/988.jpeg,head_lamp,T
image/989.jpeg,glass_shatter,T
image/990.jpeg,unknown,T
image/991.jpeg,bumper_dent,T
image/992.jpeg,unknown,T
image/993.jpeg,head_lamp,T
image/994.jpeg,unknown,T
image/995.jpeg,glass_shatter,T
image/996.jpeg,bumper_dent,T
image/997.jpeg,tail_lamp,T
image/998.jpeg,door_dent,T
image/999.jpeg,unknown,T
image/1000.jpeg,door_scratch,T
image/1001.jpeg,door_scratch,T
image/1002.jpeg,bumper_dent,T
image/1003.jpeg,unknown,T
image/1004.jpeg,tail_lamp,T
image/1005.jpeg,door_dent,T
image/1006.jpeg,bumper_dent,T
image/1007.jpeg,glass_shatter,T
image/1008.jpeg,bumper_scratch,T
image/1009.jpeg,head_lamp,T
image/1010.jpeg,glass_shatter,T
image/1011.jpeg,door_scratch,T
image/1012.jpeg,door_scratch,T
image/1013.jpeg,door_dent,T
image/1014.jpeg,unknown,T
image/1015.jpeg,door_dent,T
image/1016.jpeg,unknown,T
image/1017.jpeg,bumper_dent,T
image/1018.jpeg,tail_lamp,T
image/1019.jpeg,tail_lamp,T
image/1020.jpeg,bumper_dent,T
image/1021.jpeg,door_scratch,T
image/1022.jpeg,head_lamp,T
image/1023.jpeg,door_scratch,T
image/1024.jpeg,door_scratch,T
image/1025.jpeg,bumper_scratch,T
image/1026.jpeg,glass_shatter,T
image/1027.jpeg,unknown,T
image/1028.jpeg,tail_lamp,T
image/1029.jpeg,unknown,T
image/1030.jpeg,unknown,T
image/1031.jpeg,unknown,T
image/1032.jpeg,glass_shatter,T
image/1033.jpeg,door_dent,T
image/1034.jpeg,tail_lamp,T
image/1035.jpeg,glass_shatter,T
image/1036.jpeg,unknown,T
image/1037.jpeg,unknown,T
image/1038.jpeg,door_scratch,T
image/1039.jpeg,tail_lamp,T
image/1040.jpeg,unknown,T
image/1041.jpeg,unknown,T
image/1042.jpeg,door_scratch,T
image/1043.jpeg,door_dent,T
image/1044.jpeg,head_lamp,T
image/1045.jpeg,glass_shatter,T
image/1046.jpeg,unknown,T
image/1047.jpeg,door_scratch,T
image/1048.jpeg,door_dent,T
image/1049.jpeg,glass_shatter,T
image/1050.jpeg,unknown,T
image/1051.jpeg,unknown,T
image/1052.jpeg,unknown,T
image/1053.jpeg,unknown,T
image/1054.jpeg,unknown,T
image/1055.jpeg,bumper_dent,T
image/1056.jpeg,unknown,T
image/1057.jpeg,door_dent,T
image/1058.jpeg,bumper_dent,T
image/1059.jpeg,unknown,T
image/1060.jpeg,tail_lamp,T
image/1061.jpeg,unknown,T
image/1062.jpeg,unknown,T
image/1063.jpeg,unknown,T
image/1064.jpeg,unknown,T
image/1065.jpeg,bumper_scratch,T
image/1066.jpeg,unknown,T
image/1067.jpeg,unknown,T
image/1068.jpeg,bumper_dent,T
image/1069.jpeg,door_scratch,T
image/1070.jpeg,glass_shatter,T
image/1071.jpeg,unknown,T
image/1072.jpeg,head_lamp,T
image/1073.jpeg,glass_shatter,T
image/1074.jpeg,unknown,T
image/1075.jpeg,bumper_dent,T
image/1076.jpeg,unknown,T
image/1077.jpeg,unknown,T
image/1078.jpeg,unknown,T
image/1079.jpeg,bumper_dent,T
image/1080.jpeg,unknown,T
image/1081.jpeg,glass_shatter,T
image/1082.jpeg,door_scratch,T
image/1083.jpeg,unknown,T
image/1084.jpeg,tail_lamp,T
image/1085.jpeg,tail_lamp,T
image/1086.jpeg,door_dent,T
image/1087.jpeg,tail_lamp,T
image/1088.jpeg,tail_lamp,T
image/1089.jpeg,door_dent,T
image/1090.jpeg,door_dent,T
image/1091.jpeg,glass_shatter,T
image/1092.jpeg,bumper_dent,T
image/1093.jpeg,tail_lamp,T
image/1094.jpeg,unknown,T
image/1095.jpeg,door_scratch,T
image/1096.jpeg,unknown,T
image/1097.jpeg,glass_shatter,T
image/1098.jpeg,unknown,T
image/1099.jpeg,door_dent,T
image/1100.jpeg,tail_lamp,T
image/1101.jpeg,glass_shatter,T
image/1102.jpeg,unknown,T
image/1103.jpeg,door_dent,T
image/1104.jpeg,unknown,T
image/1105.jpeg,unknown,T
image/1106.jpeg,door_scratch,T
image/1107.jpeg,head_lamp,T
image/1108.jpeg,unknown,T
image/1109.jpeg,head_lamp,T
image/1110.jpeg,door_scratch,T
image/1111.jpeg,glass_shatter,T
image/1112.jpeg,unknown,T
image/1113.jpeg,tail_lamp,T
image/1114.jpeg,door_scratch,T
image/1115.jpeg,unknown,T
image/1116.jpeg,glass_shatter,T
image/1117.jpeg,unknown,T
image/1118.jpeg,unknown,T
image/1119.jpeg,door_scratch,T
image/1120.jpeg,bumper_dent,T
image/1121.jpeg,unknown,T
image/1122.jpeg,door_dent,T
image/1123.jpeg,head_lamp,T
image/1124.jpeg,unknown,T
image/1125.jpeg,bumper_dent,T
image/1126.jpeg,unknown,T
image/1127.jpeg,tail_lamp,T
image/1128.jpeg,door_scratch,T
image/1129.jpeg,glass_shatter,T
image/1130.jpeg,unknown,T
image/1131.jpeg,tail_lamp,T
image/1132.jpeg,unknown,T
image/1133.jpeg,unknown,T
image/1134.jpeg,bumper_scratch,T
image/1135.jpeg,bumper_dent,T
image/1136.jpeg,tail_lamp,T
image/1137.jpeg,door_scratch,T
image/1138.jpeg,door_dent,T
image/1139.jpeg,door_scratch,T
image/1140.jpeg,head_lamp,T
image/1141.jpeg,door_scratch,T
image/1142.jpeg,unknown,T
image/1143.jpeg,unknown,T
image/1144.jpeg,head_lamp,T
image/1145.jpeg,door_scratch,T
image/1146.jpeg,bumper_dent,T
image/1147.jpeg,door_scratch,T
image/1148.jpeg,unknown,T
image/1149.jpeg,unknown,T
image/1150.jpeg,unknown,T
image/1151.jpeg,tail_lamp,T
image/1152.jpeg,bumper_scratch,T
image/1153.jpeg,door_scratch,T
image/1154.jpeg,door_dent,T
image/1155.jpeg,door_dent,T
image/1156.jpeg,unknown,T
image/1157.jpeg,unknown,T
image/1158.jpeg,head_lamp,T
image/1159.jpeg,unknown,T
image/1160.jpeg,unknown,T
image/1161.jpeg,unknown,T
image/1162.jpeg,bumper_dent,T
image/1163.jpeg,glass_shatter,T
image/1164.jpeg,unknown,T
image/1165.jpeg,door_scratch,T
image/1166.jpeg,bumper_dent,T
image/1167.jpeg,unknown,T
image/1168.jpeg,unknown,T
image/1169.jpeg,unknown,T
image/1170.jpeg,unknown,T
image/1171.jpeg,bumper_dent,T
image/1172.jpeg,glass_shatter,T
image/1173.jpeg,door_dent,T
image/1174.jpeg,tail_lamp,T
image/1175.jpeg,unknown,T
image/1176.jpeg,unknown,T
image/1177.jpeg,head_lamp,T
image/1178.jpeg,unknown,T
image/1179.jpeg,head_lamp,T
image/1180.jpeg,door_scratch,T
image/1181.jpeg,unknown,T
image/1182.jpeg,unknown,T
image/1183.jpeg,unknown,T
image/1184.jpeg,unknown,T
image/1185.jpeg,bumper_scratch,T
image/1186.jpeg,bumper_dent,T
image/1187.jpeg,door_dent,T
image/1188.jpeg,unknown,T
image/1189.jpeg,bumper_dent,T
image/1190.jpeg,unknown,T
image/1191.jpeg,tail_lamp,T
image/1192.jpeg,door_scratch,T
image/1193.jpeg,unknown,T
image/1194.jpeg,unknown,T
image/1195.jpeg,tail_lamp,T
image/1196.jpeg,tail_lamp,T
image/1197.jpeg,unknown,T
image/1198.jpeg,bumper_dent,T
image/1199.jpeg,door_dent,T
image/1200.jpeg,glass_shatter,T
image/1201.jpeg,tail_lamp,T
image/1202.jpeg,unknown,T
image/1203.jpeg,door_dent,T
image/1204.jpeg,unknown,T
image/1205.jpeg,door_dent,T
image/1206.jpeg,unknown,T
image/1207.jpeg,unknown,T
image/1208.jpeg,unknown,T
image/1209.jpeg,bumper_dent,V
image/1210.jpeg,unknown,V
image/1211.jpeg,unknown,V
image/1212.jpeg,unknown,V
image/1213.jpeg,door_scratch,V
image/1214.jpeg,glass_shatter,V
image/1215.jpeg,unknown,V
image/1216.jpeg,door_dent,V
image/1217.jpeg,door_dent,V
image/1218.jpeg,unknown,V
image/1219.jpeg,door_dent,V
image/1220.jpeg,door_dent,V
image/1221.jpeg,head_lamp,V
image/1222.jpeg,door_scratch,V
image/1223.jpeg,tail_lamp,V
image/1224.jpeg,glass_shatter,V
image/1225.jpeg,door_dent,V
image/1226.jpeg,glass_shatter,V
image/1227.jpeg,door_scratch,V
image/1228.jpeg,unknown,V
image/1229.jpeg,bumper_scratch,V
image/1230.jpeg,tail_lamp,V
image/1231.jpeg,bumper_dent,V
image/1232.jpeg,unknown,V
image/1233.jpeg,unknown,V
image/1234.jpeg,unknown,V
image/1235.jpeg,bumper_scratch,V
image/1236.jpeg,unknown,V
image/1237.jpeg,unknown,V
image/1238.jpeg,door_scratch,V
image/1239.jpeg,unknown,V
image/1240.jpeg,tail_lamp,V
image/1241.jpeg,door_dent,V
image/1242.jpeg,door_scratch,V
image/1243.jpeg,glass_shatter,V
image/1244.jpeg,door_scratch,V
image/1245.jpeg,door_dent,V
image/1246.jpeg,unknown,V
image/1247.jpeg,unknown,V
image/1248.jpeg,bumper_scratch,V
image/1249.jpeg,head_lamp,V
image/1250.jpeg,unknown,V
image/1251.jpeg,tail_lamp,V
image/1252.jpeg,unknown,V
image/1253.jpeg,door_dent,V
image/1254.jpeg,unknown,V
image/1255.jpeg,unknown,V
image/1256.jpeg,tail_lamp,V
image/1257.jpeg,unknown,V
image/1258.jpeg,head_lamp,V
image/1259.jpeg,bumper_dent,V
image/1260.jpeg,head_lamp,V
image/1261.jpeg,head_lamp,V
image/1262.jpeg,tail_lamp,V
image/1263.jpeg,unknown,V
image/1264.jpeg,unknown,V
image/1265.jpeg,unknown,V
image/1266.jpeg,tail_lamp,V
image/1267.jpeg,head_lamp,V
image/1268.jpeg,unknown,V
image/1269.jpeg,tail_lamp,V
image/1270.jpeg,unknown,V
image/1271.jpeg,bumper_dent,V
image/1272.jpeg,door_dent,V
image/1273.jpeg,unknown,V
image/1274.jpeg,head_lamp,V
image/1275.jpeg,tail_lamp,V
image/1276.jpeg,door_dent,V
image/1277.jpeg,bumper_scratch,V
image/1278.jpeg,unknown,V
image/1279.jpeg,door_dent,V
image/1280.jpeg,unknown,V
image/1281.jpeg,door_scratch,V
image/1282.jpeg,unknown,V
image/1283.jpeg,tail_lamp,V
image/1284.jpeg,door_dent,V
image/1285.jpeg,unknown,V
image/1286.jpeg,unknown,V
image/1287.jpeg,door_scratch,V
image/1288.jpeg,unknown,V
image/1289.jpeg,glass_shatter,V
image/1290.jpeg,head_lamp,V
image/1291.jpeg,door_dent,V
image/1292.jpeg,head_lamp,V
image/1293.jpeg,unknown,V
image/1294.jpeg,unknown,V
image/1295.jpeg,unknown,V
image/1296.jpeg,unknown,V
image/1297.jpeg,tail_lamp,V
image/1298.jpeg,door_scratch,V
image/1299.jpeg,unknown,V
image/1300.jpeg,glass_shatter,V
image/1301.jpeg,bumper_dent,V
image/1302.jpeg,unknown,V
image/1303.jpeg,glass_shatter,V
image/1304.jpeg,unknown,V
image/1305.jpeg,door_scratch,V
image/1306.jpeg,head_lamp,V
image/1307.jpeg,tail_lamp,V
image/1308.jpeg,bumper_scratch,V
image/1309.jpeg,bumper_dent,V
image/1310.jpeg,bumper_scratch,V
image/1311.jpeg,unknown,V
image/1312.jpeg,unknown,V
image/1313.jpeg,glass_shatter,V
image/1314.jpeg,bumper_dent,V
image/1315.jpeg,door_dent,V
image/1316.jpeg,head_lamp,V
image/1317.jpeg,tail_lamp,V
image/1318.jpeg,bumper_dent,V
image/1319.jpeg,unknown,V
image/1320.jpeg,bumper_dent,V
image/1321.jpeg,unknown,V
image/1322.jpeg,unknown,V
image/1323.jpeg,door_scratch,V
image/1324.jpeg,bumper_dent,V
image/1325.jpeg,glass_shatter,V
image/1326.jpeg,unknown,V
image/1327.jpeg,door_dent,V
image/1328.jpeg,unknown,V
image/1329.jpeg,door_scratch,V
image/1330.jpeg,unknown,V
image/1331.jpeg,glass_shatter,V
image/1332.jpeg,bumper_dent,V
image/1333.jpeg,tail_lamp,V
image/1334.jpeg,unknown,V
image/1335.jpeg,door_scratch,V
image/1336.jpeg,bumper_scratch,V
image/1337.jpeg,unknown,V
image/1338.jpeg,glass_shatter,V
image/1339.jpeg,bumper_scratch,V
image/1340.jpeg,bumper_dent,V
image/1341.jpeg,door_scratch,V
image/1342.jpeg,unknown,V
image/1343.jpeg,door_dent,V
image/1344.jpeg,unknown,V
image/1345.jpeg,glass_shatter,V
image/1346.jpeg,head_lamp,V
image/1347.jpeg,door_dent,V
image/1348.jpeg,head_lamp,V
image/1349.jpeg,door_scratch,V
image/1350.jpeg,door_dent,V
image/1351.jpeg,glass_shatter,V
image/1352.jpeg,door_dent,V
image/1353.jpeg,door_dent,V
image/1354.jpeg,unknown,V
image/1355.jpeg,bumper_scratch,V
image/1356.jpeg,bumper_dent,V
image/1357.jpeg,unknown,V
image/1358.jpeg,bumper_dent,V
image/1359.jpeg,bumper_dent,V
image/1360.jpeg,door_dent,V
image/1361.jpeg,unknown,V
image/1362.jpeg,glass_shatter,V
image/1363.jpeg,unknown,V
image/1364.jpeg,bumper_dent,V
image/1365.jpeg,bumper_dent,V
image/1366.jpeg,bumper_scratch,V
image/1367.jpeg,door_scratch,V
image/1368.jpeg,unknown,V
image/1369.jpeg,unknown,V
image/1370.jpeg,head_lamp,V
image/1371.jpeg,unknown,V
image/1372.jpeg,glass_shatter,V
image/1373.jpeg,bumper_dent,V
image/1374.jpeg,unknown,V
image/1375.jpeg,unknown,V
image/1376.jpeg,unknown,V
image/1377.jpeg,head_lamp,V
image/1378.jpeg,bumper_dent,V
image/1379.jpeg,door_scratch,V
image/1380.jpeg,tail_lamp,V
image/1381.jpeg,door_dent,V
image/1382.jpeg,unknown,V
image/1383.jpeg,unknown,V
image/1384.jpeg,glass_shatter,V
image/1385.jpeg,door_scratch,V
image/1386.jpeg,door_dent,V
image/1387.jpeg,unknown,V
image/1388.jpeg,unknown,V
image/1389.jpeg,bumper_dent,V
image/1390.jpeg,unknown,V
image/1391.jpeg,glass_shatter,V
image/1392.jpeg,bumper_scratch,V
image/1393.jpeg,unknown,V
image/1394.jpeg,door_dent,V
image/1395.jpeg,door_scratch,V
image/1396.jpeg,glass_shatter,V
image/1397.jpeg,door_dent,V
image/1398.jpeg,unknown,V
image/1399.jpeg,bumper_scratch,V
image/1400.jpeg,tail_lamp,V
image/1401.jpeg,door_scratch,V
image/1402.jpeg,door_dent,V
image/1403.jpeg,unknown,V
image/1404.jpeg,unknown,V
image/1405.jpeg,glass_shatter,V
image/1406.jpeg,tail_lamp,V
image/1407.jpeg,unknown,V
image/1408.jpeg,head_lamp,V
image/1409.jpeg,unknown,V
image/1410.jpeg,unknown,V
image/1411.jpeg,door_dent,V
image/1412.jpeg,unknown,V
image/1413.jpeg,door_scratch,V
image/1414.jpeg,bumper_dent,V
image/1415.jpeg,bumper_dent,V
image/1416.jpeg,bumper_dent,V
image/1417.jpeg,unknown,V
image/1418.jpeg,door_dent,V
image/1419.jpeg,door_dent,V
image/1420.jpeg,unknown,V
image/1421.jpeg,unknown,V
image/1422.jpeg,unknown,V
image/1423.jpeg,unknown,V
image/1424.jpeg,bumper_dent,V
image/1425.jpeg,tail_lamp,V
image/1426.jpeg,unknown,V
image/1427.jpeg,tail_lamp,V
image/1428.jpeg,unknown,V
image/1429.jpeg,door_dent,V
image/1430.jpeg,tail_lamp,V
image/1431.jpeg,bumper_scratch,V
image/1432.jpeg,door_scratch,V
image/1433.jpeg,unknown,V
image/1434.jpeg,door_dent,V
image/1435.jpeg,unknown,V
image/1436.jpeg,door_dent,V
image/1437.jpeg,bumper_scratch,V
image/1438.jpeg,door_scratch,V
image/1439.jpeg,door_dent,V
image/1440.jpeg,unknown,V
image/1441.jpeg,unknown,V
image/1442.jpeg,glass_shatter,V
image/1443.jpeg,unknown,V
image/1444.jpeg,head_lamp,V
image/1445.jpeg,tail_lamp,V
image/1446.jpeg,tail_lamp,V
image/1447.jpeg,head_lamp,V
image/1448.jpeg,glass_shatter,V
image/1449.jpeg,door_scratch,V
image/1450.jpeg,door_scratch,V
image/1451.jpeg,glass_shatter,V
image/1452.jpeg,head_lamp,V
image/1453.jpeg,door_dent,V
image/1454.jpeg,unknown,V
image/1455.jpeg,unknown,V
image/1456.jpeg,unknown,V
image/1457.jpeg,door_scratch,V
image/1458.jpeg,glass_shatter,V
image/1459.jpeg,door_dent,V
image/1460.jpeg,door_scratch,V
image/1461.jpeg,unknown,V
image/1462.jpeg,door_dent,V
image/1463.jpeg,head_lamp,V
image/1464.jpeg,unknown,V
image/1465.jpeg,head_lamp,V
image/1466.jpeg,head_lamp,V
image/1467.jpeg,unknown,V
image/1468.jpeg,head_lamp,V
image/1469.jpeg,head_lamp,V
image/1470.jpeg,unknown,V
image/1471.jpeg,unknown,V
image/1472.jpeg,head_lamp,V
image/1473.jpeg,glass_shatter,V
image/1474.jpeg,unknown,V
image/1475.jpeg,bumper_dent,V
image/1476.jpeg,tail_lamp,V
image/1477.jpeg,unknown,V
image/1478.jpeg,bumper_dent,V
image/1479.jpeg,unknown,V
image/1480.jpeg,unknown,V
image/1481.jpeg,door_scratch,V
image/1482.jpeg,tail_lamp,V
image/1483.jpeg,unknown,V
image/1484.jpeg,door_dent,V
image/1485.jpeg,door_dent,V
image/1486.jpeg,unknown,V
image/1487.jpeg,unknown,V
image/1488.jpeg,unknown,V
image/1489.jpeg,unknown,V
image/1490.jpeg,glass_shatter,V
image/1491.jpeg,unknown,V
image/1492.jpeg,unknown,V
image/1493.jpeg,head_lamp,V
image/1494.jpeg,unknown,V
image/1495.jpeg,door_scratch,V
image/1496.jpeg,unknown,V
image/1497.jpeg,bumper_scratch,V
image/1498.jpeg,head_lamp,V
image/1499.jpeg,door_scratch,V
image/1500.jpeg,bumper_scratch,V
image/1501.jpeg,door_dent,V
image/1502.jpeg,tail_lamp,V
image/1503.jpeg,tail_lamp,V
image/1504.jpeg,tail_lamp,V
image/1505.jpeg,unknown,V
image/1506.jpeg,door_scratch,V
image/1507.jpeg,unknown,V
image/1508.jpeg,glass_shatter,V
image/1509.jpeg,unknown,V
image/1510.jpeg,unknown,V
image/1511.jpeg,glass_shatter,V
image/27.jpeg,bumper_scratch,T
image/56.jpeg,bumper_scratch,T
image/90.jpeg,bumper_scratch,T
image/102.jpeg,bumper_scratch,T
image/137.jpeg,bumper_scratch,T
image/140.jpeg,bumper_scratch,T
image/172.jpeg,bumper_scratch,T
image/175.jpeg,bumper_scratch,T
image/207.jpeg,bumper_scratch,T
image/223.jpeg,bumper_scratch,T
image/232.jpeg,bumper_scratch,T
image/244.jpeg,bumper_scratch,T
image/260.jpeg,bumper_scratch,T
image/263.jpeg,bumper_scratch,T
image/267.jpeg,bumper_scratch,T
image/292.jpeg,bumper_scratch,T
image/295.jpeg,bumper_scratch,T
image/296.jpeg,bumper_scratch,T
image/306.jpeg,bumper_scratch,T
image/327.jpeg,bumper_scratch,T
image/340.jpeg,bumper_scratch,T
image/393.jpeg,bumper_scratch,T
image/410.jpeg,bumper_scratch,T
image/414.jpeg,bumper_scratch,T
image/436.jpeg,bumper_scratch,T
image/439.jpeg,bumper_scratch,T
image/476.jpeg,bumper_scratch,T
image/499.jpeg,bumper_scratch,T
image/508.jpeg,bumper_scratch,T
image/535.jpeg,bumper_scratch,T
image/573.jpeg,bumper_scratch,T
image/575.jpeg,bumper_scratch,T
image/589.jpeg,bumper_scratch,T
image/607.jpeg,bumper_scratch,T
image/618.jpeg,bumper_scratch,T
image/627.jpeg,bumper_scratch,T
image/631.jpeg,bumper_scratch,T
image/648.jpeg,bumper_scratch,T
image/714.jpeg,bumper_scratch,T
image/728.jpeg,bumper_scratch,T
image/736.jpeg,bumper_scratch,T
image/748.jpeg,bumper_scratch,T
image/758.jpeg,bumper_scratch,T
image/764.jpeg,bumper_scratch,T
image/776.jpeg,bumper_scratch,T
image/781.jpeg,bumper_scratch,T
image/784.jpeg,bumper_scratch,T
image/785.jpeg,bumper_scratch,T
image/813.jpeg,bumper_scratch,T
image/816.jpeg,bumper_scratch,T
image/818.jpeg,bumper_scratch,T
image/866.jpeg,bumper_scratch,T
image/875.jpeg,bumper_scratch,T
image/907.jpeg,bumper_scratch,T
image/920.jpeg,bumper_scratch,T
image/934.jpeg,bumper_scratch,T
image/958.jpeg,bumper_scratch,T
image/959.jpeg,bumper_scratch,T
image/960.jpeg,bumper_scratch,T
image/969.jpeg,bumper_scratch,T
image/1008.jpeg,bumper_scratch,T
image/1025.jpeg,bumper_scratch,T
image/1065.jpeg,bumper_scratch,T
image/1134.jpeg,bumper_scratch,T
image/1152.jpeg,bumper_scratch,T
image/1185.jpeg,bumper_scratch,T
image/1229.jpeg,bumper_scratch,V
image/1235.jpeg,bumper_scratch,V
image/1248.jpeg,bumper_scratch,V
image/1277.jpeg,bumper_scratch,V
image/1308.jpeg,bumper_scratch,V
image/1310.jpeg,bumper_scratch,V
image/1336.jpeg,bumper_scratch,V
image/1339.jpeg,bumper_scratch,V
image/1355.jpeg,bumper_scratch,V
image/1366.jpeg,bumper_scratch,V
image/1392.jpeg,bumper_scratch,V
image/1399.jpeg,bumper_scratch,V
image/1431.jpeg,bumper_scratch,V
image/1437.jpeg,bumper_scratch,V
image/1497.jpeg,bumper_scratch,V
image/1500.jpeg,bumper_scratch,V
image/1511.jpeg,glass_shatter,V